{
  "fold": 1,
  "n_train": 8189,
  "n_val": 2093,
  "n_test": 2055,
  "epochs_pretrain": 40,
  "epochs_finetune": 100,
  "best_val_rmse": 25.53253859656558,
  "best_val_seq_rmse": 26.19314278998295,
  "best_epoch": 45,
  "final_val_rmse": 28.159415872385367,
  "test_rmse": 22.020444462782844,
  "test_seq_rmse": 21.4822147623305,
  "test_mae": 16.453882756662484,
  "best_rmse": 22.020444462782844,
  "held_out_file_ids": [
    0
  ],
  "held_out_file_names": [
    "data0.npy"
  ]
}