{
  "fold": 6,
  "n_train": 8201,
  "n_val": 2093,
  "n_test": 2043,
  "epochs_pretrain": 40,
  "epochs_finetune": 100,
  "best_val_rmse": 22.998469996460496,
  "best_val_seq_rmse": 22.477964995878708,
  "best_epoch": 25,
  "final_val_rmse": 26.498697966845977,
  "test_rmse": 27.05908539092675,
  "test_seq_rmse": 26.286048273234407,
  "test_mae": 21.284618555069905,
  "best_rmse": 27.05908539092675,
  "held_out_file_ids": [
    5
  ],
  "held_out_file_names": [
    "data5.npy"
  ]
}