{
  "fold": 2,
  "n_train": 8195,
  "n_val": 2049,
  "n_test": 2093,
  "epochs_pretrain": 40,
  "epochs_finetune": 100,
  "best_val_rmse": 24.2633827209536,
  "best_val_seq_rmse": 23.723413385504394,
  "best_epoch": 89,
  "final_val_rmse": 30.4704290233161,
  "test_rmse": 22.51629715996012,
  "test_seq_rmse": 20.973088047323948,
  "test_mae": 17.173854968220894,
  "best_rmse": 22.51629715996012,
  "held_out_file_ids": [
    1
  ],
  "held_out_file_names": [
    "data1.npy"
  ]
}