{
  "fold": 1,
  "n_train": 8189,
  "n_val": 2093,
  "n_test": 2055,
  "epochs_pretrain": 80,
  "epochs_finetune": 100,
  "best_val_rmse": 22.267284362124457,
  "best_val_seq_rmse": 22.24896140148605,
  "best_epoch": 56,
  "final_val_rmse": 25.44991017094519,
  "test_rmse": 21.14603506984301,
  "test_seq_rmse": 20.194253643260335,
  "test_mae": 16.17861721660679,
  "best_rmse": 21.14603506984301,
  "held_out_file_ids": [
    0
  ],
  "held_out_file_names": [
    "data0.npy"
  ]
}