{
  "fold": 2,
  "n_train": 8195,
  "n_val": 2049,
  "n_test": 2093,
  "epochs_pretrain": 40,
  "epochs_finetune": 100,
  "best_val_rmse": 20.129594114046796,
  "best_val_seq_rmse": 20.01079727650548,
  "best_epoch": 86,
  "final_val_rmse": 21.009625267757606,
  "test_rmse": 22.460146616796322,
  "test_seq_rmse": 22.76663810663428,
  "test_mae": 15.667013344215652,
  "best_rmse": 22.460146616796322,
  "held_out_file_ids": [
    1
  ],
  "held_out_file_names": [
    "data1.npy"
  ]
}