{
  "fold": 4,
  "n_train": 8240,
  "n_val": 2053,
  "n_test": 2044,
  "epochs_pretrain": 40,
  "epochs_finetune": 100,
  "best_val_rmse": 29.76622591210209,
  "best_val_seq_rmse": 27.451781289134605,
  "best_epoch": 61,
  "final_val_rmse": 41.00051452140572,
  "test_rmse": 25.322602535689896,
  "test_seq_rmse": 24.708076558310854,
  "test_mae": 19.067667802485936,
  "best_rmse": 25.322602535689896,
  "held_out_file_ids": [
    3
  ],
  "held_out_file_names": [
    "data3.npy"
  ]
}