{
  "fold": 5,
  "n_train": 8235,
  "n_val": 2049,
  "n_test": 2053,
  "epochs_pretrain": 40,
  "epochs_finetune": 100,
  "best_val_rmse": 22.28411452456636,
  "best_val_seq_rmse": 21.049506490403363,
  "best_epoch": 28,
  "final_val_rmse": 30.661230329397952,
  "test_rmse": 34.32276379734446,
  "test_seq_rmse": 33.81935075888591,
  "test_mae": 28.910455561590034,
  "best_rmse": 34.32276379734446,
  "held_out_file_ids": [
    4
  ],
  "held_out_file_names": [
    "data4.npy"
  ]
}