{
  "fold": 3,
  "n_train": 8245,
  "n_val": 2043,
  "n_test": 2049,
  "epochs_pretrain": 40,
  "epochs_finetune": 100,
  "best_val_rmse": 24.816825770082257,
  "best_val_seq_rmse": 25.065423145628476,
  "best_epoch": 100,
  "final_val_rmse": 24.816825770082257,
  "test_rmse": 21.249496263786625,
  "test_seq_rmse": 21.256500350304364,
  "test_mae": 14.636237022061067,
  "best_rmse": 21.249496263786625,
  "held_out_file_ids": [
    2
  ],
  "held_out_file_names": [
    "data2.npy"
  ]
}