{
  "fold": 2,
  "n_train": 8195,
  "n_val": 2049,
  "n_test": 2093,
  "epochs_pretrain": 40,
  "epochs_finetune": 100,
  "best_val_rmse": 24.41986292369006,
  "best_val_seq_rmse": 24.223943121106736,
  "best_epoch": 97,
  "final_val_rmse": 25.944654779543637,
  "test_rmse": 23.25372747489739,
  "test_seq_rmse": 23.147973202892203,
  "test_mae": 17.621236670831717,
  "best_rmse": 23.25372747489739,
  "held_out_file_ids": [
    1
  ],
  "held_out_file_names": [
    "data1.npy"
  ]
}