{
  "fold": 4,
  "n_train": 8240,
  "n_val": 2053,
  "n_test": 2044,
  "epochs_pretrain": 40,
  "epochs_finetune": 100,
  "best_val_rmse": 26.624285598999837,
  "best_val_seq_rmse": 26.32474380923226,
  "best_epoch": 61,
  "final_val_rmse": 28.908049149435644,
  "test_rmse": 17.471448819384797,
  "test_seq_rmse": 16.665430878026932,
  "test_mae": 13.040571014941788,
  "best_rmse": 17.471448819384797,
  "held_out_file_ids": [
    3
  ],
  "held_out_file_names": [
    "data3.npy"
  ]
}