{
  "fold": 3,
  "n_train": 8245,
  "n_val": 2043,
  "n_test": 2049,
  "epochs_pretrain": 40,
  "epochs_finetune": 100,
  "best_val_rmse": 23.445563244255183,
  "best_val_seq_rmse": 22.066436655064688,
  "best_epoch": 94,
  "final_val_rmse": 26.79004507285321,
  "test_rmse": 21.296968325252333,
  "test_seq_rmse": 19.39352375364587,
  "test_mae": 15.897145976433817,
  "best_rmse": 21.296968325252333,
  "held_out_file_ids": [
    2
  ],
  "held_out_file_names": [
    "data2.npy"
  ]
}